{
  "scenario": {
    "shape": [100, 100], "origin": [-24, -24]
  },
  "cells": {
    "default": {
      "delay": "inertial",
      "cell_type": "SIR",
      "state": {"p": 100, "s": 1, "i": 0, "r": 0},
      "config": {"rec": 0.2, "susc": 0.8, "vir": 0.4},
      "neighborhood": [
        {"type": "von_neumann", "vicinity": 0.25, "range": 1},
        {"type": "relative", "vicinity": 1, "neighbors": [[0, 0]]}
      ]
    },
    "infected": {
      "state": {"s": 0.9, "i":  0.1},
      "cell_map": [[12, 12]]
    }
  }
}
